id,name,balls_bowled,balls_faced,fielded
1,DA Warner,2,4849,97
2,TS Mills,218,14,1
3,S Dhawan,49,5483,102
4,A Choudhary,108,20,0
5,Mandeep Singh,12,1418,40
6,MC Henriques,979,801,30
7,YS Chahal,4143,89,34
8,S Aravind,788,59,5
9,SR Watson,2137,2892,44
10,TM Head,58,934,6
11,STR Binny,611,700,23
12,Sachin Baby,10,123,6
13,Yuvraj Singh,882,2207,37
14,DJ Hooda,391,1213,63
15,BCJ Cutting,288,146,12
16,CH Gayle,584,3516,30
17,A Nehra,1974,63,18
18,B Kumar,4694,392,38
19,Rashid Khan,3518,419,54
20,KM Jadhav,0,1012,39
21,Bipul Sharma,436,124,10
22,CJ Jordan,717,81,15
23,PA Patel,0,2442,95
24,AB Dinda,1589,50,11
25,JC Buttler,0,3136,91
26,DL Chahar,2127,93,14
27,BA Stokes,723,718,24
28,Imran Tahir,1340,37,8
29,RG Sharma,349,5642,112
30,N Rana,223,2314,31
31,AT Rayudu,0,3490,75
32,A Zampa,475,25,1
33,R Bhatia,1661,290,26
34,KH Pandya,2720,1476,50
35,MS Dhoni,0,4101,232
36,KA Pollard,1586,2447,106
37,HH Pandya,1852,2073,74
38,MA Agarwal,0,2146,61
39,TG Southee,1262,108,23
40,MJ McClenaghan,1346,73,2
41,AM Rahane,6,4332,93
42,SPD Smith,2,1999,64
43,JJ Bumrah,3767,89,19
44,JJ Roy,0,460,10
45,TA Boult,2892,90,36
46,BB McCullum,0,2272,51
47,PP Chawla,3895,580,44
48,SP Narine,4682,1178,32
49,YK Pathan,1184,2334,50
50,SK Raina,930,4177,119
51,CR Woakes,463,77,6
52,Kuldeep Yadav,2311,263,16
53,AJ Finch,44,1696,32
54,SA Yadav,6,3104,79
55,KD Karthik,0,3687,199
56,DR Smith,557,1803,43
57,G Gambhir,0,3524,35
58,P Kumar,2637,323,17
59,CA Lynn,0,974,12
60,DS Kulkarni,1876,113,19
61,MS Gony,925,76,5
62,S Kaushik,210,1,0
63,SB Jakati,1101,30,21
64,Sandeep Sharma,3295,79,20
65,MM Sharma,2471,140,28
66,AR Patel,3615,1608,81
67,T Natarajan,1631,7,13
68,MP Stoinis,975,1588,26
69,M Vohra,0,863,14
70,Swapnil Singh,165,46,3
71,MK Tiwary,45,1489,50
72,DT Christian,922,408,31
73,GJ Maxwell,1047,1896,58
74,HM Amla,0,418,0
75,WP Saha,0,2368,131
76,RD Chahar,1728,127,21
77,DA Miller,0,2420,96
78,Z Khan,2276,141,24
79,CH Morris,1801,413,38
80,PJ Cummins,1831,434,24
81,SV Samson,0,3769,127
82,S Nadeem,1444,88,15
83,A Mishra,3444,440,28
84,RR Pant,0,2717,118
85,CR Brathwaite,266,120,7
86,SW Billings,0,399,21
87,Vishnu Vinod,0,66,3
88,P Negi,733,301,20
89,Iqbal Abdulla,943,86,15
90,AP Tare,0,285,9
91,B Stanlake,150,2,1
92,KK Nair,0,1332,36
93,V Shankar,258,985,38
94,NV Ojha,0,1360,82
95,Basil Thampi,539,37,5
96,Tejas Baroka,21,0,0
97,SL Malinga,2974,103,21
98,RV Uthappa,0,3927,133
99,MK Pandey,0,3355,101
100,Harbhajan Singh,3496,636,46
101,AS Rajpoot,567,41,4
102,R Dhawan,693,188,16
103,AB de Villiers,0,3487,141
104,VR Aaron,1065,73,4
105,CJ Anderson,315,436,11
106,F du Plessis,6,3605,91
107,RA Tripathi,6,1707,35
108,Mustafizur Rahman,1419,24,5
109,UT Yadav,3190,211,40
110,C de Grandhomme,230,229,7
111,I Sharma,2546,71,23
112,V Kohli,264,7048,143
113,S Badree,263,25,2
114,AJ Tye,714,79,7
115,RA Jadeja,4285,2759,124
116,Ankit Sharma,375,69,4
117,SN Thakur,2329,264,35
118,Ishan Kishan,1,2517,86
119,LH Ferguson,1148,49,11
120,KC Cariappa,224,21,2
121,EJG Morgan,0,1181,42
122,SS Iyer,6,3159,71
123,MM Patel,1382,41,13
124,AF Milne,238,33,7
125,JD Unadkat,2418,173,28
126,NM Coulter-Nile,892,75,12
127,AD Mathews,807,599,21
128,Mohammed Shami,3009,116,28
129,Mohammad Nabi,419,157,18
130,BB Sran,516,14,6
131,S Kaul,1238,36,8
132,J Yadav,398,38,7
133,KS Williamson,18,1734,41
134,Mohammed Siraj,2748,131,38
135,SE Marsh,0,1913,29
136,JP Faulkner,1287,406,21
137,Shakib Al Hasan,1515,665,18
138,K Rabada,2306,247,30
139,MG Johnson,1301,168,19
140,Washington Sundar,1174,630,20
141,SS Agarwal,24,0,0
142,NB Singh,25,0,0
143,AD Nath,0,99,2
144,KV Sharma,1611,307,20
145,DM Bravo,0,5,0
146,Ankit Soni,112,9,1
147,SP Jackson,0,57,10
148,AR Bawne,0,12,0
149,Anureet Singh,430,47,6
150,MJ Guptill,0,197,7
151,IK Pathan,2113,985,34
152,PJ Sangwan,905,47,10
153,R Powell,21,357,25
154,MN Samuels,219,174,2
155,LMP Simmons,18,878,11
156,Gurkeerat Singh,82,436,21
157,R Tewatia,866,933,49
158,MJ Henry,166,10,1
159,SS Tiwary,0,1291,29
160,R Vinay Kumar,2186,289,39
161,J Suchith,434,62,19
162,Avesh Khan,1840,46,13
163,HV Patel,2630,250,31
164,IR Jaggi,0,100,2
165,E Lewis,0,499,9
166,MA Wood,127,10,3
167,DJ Bravo,3296,1247,81
168,M Markande,768,44,8
169,C Munro,12,144,4
170,R Ashwin,4868,728,47
171,Mujeeb Ur Rahman,465,15,2
172,KL Rahul,0,4270,99
173,Q de Kock,0,2618,96
174,AD Russell,1885,1626,38
175,SN Khan,2,556,18
176,RK Singh,0,999,53
177,K Khejroliya,148,0,1
178,DJM Short,18,102,2
179,K Gowtham,599,159,21
180,S Gopal,1000,173,5
181,B Laughlin,179,13,1
182,TK Curran,252,108,2
183,Shivam Mavi,687,58,17
184,A Dananjaya,25,5,0
185,Shubman Gill,0,3226,55
186,M Vijay,37,2208,49
187,JP Duminy,701,1680,33
188,H Klaasen,0,1282,47
189,RK Bhui,0,27,0
190,JC Archer,1584,208,14
191,LE Plunkett,154,3,2
192,PP Shaw,0,1321,18
193,AD Hales,0,119,2
194,IS Sodhi,182,18,0
195,MK Lomror,94,389,12
196,M Ashwin,898,50,7
197,L Ngidi,623,9,1
198,KM Asif,143,2,1
199,DJ Willey,221,64,4
200,DR Shorey,0,20,6
201,M Prasidh Krishna,1775,24,16
202,MM Ali,869,865,24
203,SP Goswami,0,307,28
204,P Chopra,0,6,1
205,JPR Scantlebury-Searles,45,6,4
206,Abhishek Sharma,374,1445,30
207,S Lamichhane,211,1,1
208,CJ Dala,19,0,0
209,KK Ahmed,1741,9,7
210,SO Hetmyer,0,1110,51
211,S Dube,156,1536,26
212,Navdeep Saini,716,38,8
213,JM Bairstow,0,1181,36
214,Rasikh Salam,444,43,4
215,CA Ingram,0,183,1
216,KMA Paul,180,26,6
217,N Pooran,0,1622,54
218,SM Curran,1308,761,24
219,CV Varun,2136,51,16
220,GC Viljoen,146,7,0
221,NS Naik,0,53,3
222,GH Vihari,43,331,8
223,P Ray Barman,24,25,0
224,MJ Santner,704,132,17
225,JP Behrendorff,379,9,2
226,SC Kuggeleijn,50,0,0
227,AS Joseph,454,32,4
228,HF Gurney,169,5,0
229,S Midhun,13,0,1
230,SD Lad,0,13,0
231,R Parag,334,1333,51
232,JL Denly,0,1,0
233,LS Livingstone,321,725,25
234,Milind Kumar,0,0,1
235,Arshdeep Singh,2145,49,17
236,AJ Turner,0,31,0
237,DW Steyn,2282,163,26
238,SE Rutherford,46,393,7
239,Harpreet Brar,875,217,15
240,Y Prithvi Raj,33,1,0
241,O Thomas,63,0,1
242,AS Roy,331,53,17
243,S Sandeep Warrier,176,0,1
244,P Simran Singh,0,1181,14
245,Anmolpreet Singh,0,117,2
246,JL Pattinson,222,13,2
247,SS Cottrell,131,2,0
248,Ravi Bishnoi,1857,71,30
249,A Nortje,1169,52,10
250,T Banton,0,22,0
251,I Udana,182,11,3
252,D Padikkal,0,1742,43
253,JO Holder,1212,264,20
254,PK Garg,0,247,11
255,YBK Jaiswal,1,1702,35
256,RD Gaikwad,0,2147,46
257,TU Deshpande,1176,38,10
258,KL Nagarkoti,185,34,9
259,Abdul Samad,58,575,33
260,JR Philippe,0,80,0
261,Kartik Tyagi,726,25,6
262,JDS Neesham,222,93,2
263,DR Sams,389,48,11
264,Shahbaz Ahmed,675,516,22
265,AT Carey,0,29,2
266,N Jagadeesan,0,155,1
267,JR Hazlewood,1137,31,5
268,CJ Green,17,0,1
269,MR Marsh,593,1291,16
270,P Dubey,79,33,3
271,Lalit Yadav,294,301,19
272,Monu Kumar,16,0,0
273,KA Jamieson,315,74,2
274,M Jansen,1056,186,25
275,RM Patidar,0,948,17
276,C Sakariya,479,31,6
277,M Shahrukh Khan,18,551,29
278,JA Richardson,94,27,1
279,RP Meredith,415,3,2
280,Virat Singh,0,26,2
281,LI Meriwala,19,0,0
282,RV Patel,20,76,3
283,Jalaj S Saxena,18,0,0
284,FA Allen,91,19,2
285,KW Richardson,345,39,6
286,Anuj Rawat,0,276,20
287,DJ Malan,0,26,1
288,KS Bharat,0,168,6
289,PWH de Silva,808,95,6
290,VR Iyer,84,1180,25
291,Umran Malik,519,16,5
292,Akash Singh,256,0,2
293,GD Phillips,31,112,11
294,AK Markram,230,1264,39
295,GHS Garton,97,4,1
296,K Yadav,54,4,0
297,T Shamsi,120,4,0
298,NT Ellis,390,26,2
299,TL Seifert,0,44,5
300,IC Porel,26,0,0
301,AU Rashid,60,17,0
302,TH David,6,666,34
303,DP Conway,0,794,11
304,Tilak Varma,23,1304,43
305,OF Smith,95,50,2
306,Akash Deep,302,14,2
307,PBB Rajapaksa,0,201,4
308,RA Bawa,32,32,7
309,MS Wade,0,185,10
310,A Badoni,41,866,20
311,PVD Chameera,420,49,3
312,Mohsin Khan,654,31,4
313,A Manohar,0,243,18
314,R Shepherd,355,161,6
315,D Pretorius,166,28,3
316,Mukesh Choudhary,488,6,6
317,JM Sharma,0,733,68
318,VG Arora,931,28,11
319,D Brevis,3,421,23
320,DG Nalkande,89,12,2
321,B Sai Sudharsan,0,1646,14
322,M Theekshana,902,34,4
323,Ramandeep Singh,66,212,23
324,HE van der Dussen,0,25,1
325,KR Sen,255,3,3
326,SS Prabhudessai,0,113,13
327,Yash Dayal,920,9,9
328,Shashank Singh,74,588,19
329,Aman Hakim Khan,6,109,9
330,OC McCoy,180,5,1
331,HR Shokeen,213,67,5
332,DJ Mitchell,51,274,11
333,B Indrajith,0,31,2
334,Harshit Rana,679,57,11
335,K Kartikeya,290,18,1
336,Simarjeet Singh,256,15,3
337,SA Abbott,59,18,0
338,Fazalhaq Farooqi,266,15,1
339,R Sai Kishore,477,16,8
340,KS Sharma,0,25,0
341,T Stubbs,37,666,25
342,PH Solanki,36,0,0
343,M Pathirana,797,0,9
344,R Sanjay Yadav,14,2,0
345,A Tomar,0,8,0
346,PN Mankad,0,75,6
347,J Little,236,0,5
348,RS Hangargekar,43,0,0
349,Rahmanullah Gurbaz,0,283,18
350,Sikandar Raza,88,143,5
351,KR Mayers,46,276,2
352,Mukesh Kumar,879,20,8
353,RR Rossouw,0,321,10
354,HC Brook,0,159,3
355,RJW Topley,125,6,2
356,C Green,573,691,18
357,MG Bracewell,66,49,1
358,N Wadhera,17,583,15
359,Arshad Khan,375,100,7
360,Yash Thakur,501,0,3
361,Abishek Porel,0,528,12
362,MW Short,45,138,6
363,Dhruv Jurel,0,747,40
364,Suyash Sharma,803,0,2
365,SSB Magala,37,0,1
366,Mohit Rathee,12,2,0
367,WD Parnell,758,86,11
368,YV Dhull,0,23,3
369,Vijaykumar Vyshak,531,17,7
370,Harpreet Singh,0,119,3
371,Yudhvir Singh,145,16,0
372,Atharva Taide,1,188,5
373,Arjun Tendulkar,83,9,0
374,D Jansen,28,0,2
375,Noor Ahmad,1122,54,12
376,Naveen-ul-Haq,407,26,6
377,Liton Das,0,4,0
378,D Wiese,307,105,8
379,PD Salt,0,746,35
380,Mayank Dagar,138,1,3
381,Abdul Basith,0,1,0
382,Gurnoor Brar,21,0,0
383,AJ Hosein,175,14,2
384,SK Rasheed,0,67,2
385,Sonu Yadav,0,0,1
386,Akash Madhwal,376,14,1
387,R Goyal,24,0,1
388,Vivrant Sharma,21,49,0
389,JE Root,12,15,2
390,MD Shanaka,25,46,3
391,Sanvir Singh,0,22,3
392,Nithish Kumar Reddy,330,530,22
393,D Ferreira,18,160,13
394,H Sharma,30,0,0
395,Subhransu Senapati,0,0,1
396,R Ravindra,12,298,11
397,SD Hope,0,125,7
398,Sumit Kumar,22,26,3
399,Tanay Thyagarajan,0,0,2
400,MA Starc,1246,122,30
401,N Burger,310,5,3
402,L Wood,38,3,0
403,SZ Mulani,33,1,0
404,Azmatullah Omarzai,350,105,0
405,Naman Dhir,53,436,23
406,G Coetzee,292,33,3
407,SH Johnson,216,11,3
408,Sameer Rizvi,0,304,9
409,KT Maphaka,71,3,2
410,M Siddharth,193,0,3
411,MP Yadav,230,6,3
412,SB Dubey,0,142,1
413,A Raghuvanshi,0,628,12
414,Ashutosh Sharma,0,345,6
415,Saurav Chauhan,0,16,0
416,J Fraser-McGurk,0,203,10
417,Kumar Kushagra,0,21,2
418,BR Sharath,0,5,1
419,KA Maharaj,36,2,1
420,WG Jacks,184,359,11
421,Tanush Kotian,0,32,1
422,S Joseph,30,0,0
423,N Thushara,198,0,2
424,LB Williams,42,2,1
425,AA Kulkarni,0,32,0
426,RJ Gleeson,73,2,0
427,MJ Suthar,50,2,2
428,A Kamboj,488,47,6
429,Gulbadin Naib,6,15,1
430,V Viyaskanth,60,5,2
431,V Kaverappa,24,0,0
432,T Kohler-Cadmore,0,54,1
433,Shivam Singh,0,3,2
434,Aniket Verma,0,205,12
435,RD Rickelton,0,498,26
436,R Minz,0,20,0
437,PVSN Raju,29,1,1
438,V Puthur,73,0,1
439,V Nigam,301,92,4
440,T Vijay,12,0,2
441,DS Rathi,543,9,7
442,Prince Yadav,456,12,6
443,Priyansh Arya,0,490,10
444,MS Bhandage,0,4,2
445,PWA Mulder,6,12,1
446,Zeeshan Ansari,209,0,3
447,J Overton,217,98,1
448,Ashwani Kumar,196,6,2
449,PHKD Mendis,42,72,1
450,C Bosch,127,41,3
451,Suryansh Shedge,19,97,4
452,E Malinga,467,10,7
453,JP Inglis,0,280,11
454,XC Bartlett,269,29,15
455,V Suryavanshi,0,386,0
456,A Mhatre,0,250,4
457,JG Bethell,0,120,5
458,Karim Janat,6,0,0
459,Ashok Sharma,136,5,2
460,KS Rathore,0,5,0
461,Urvil Patel,0,100,7
462,M Tiwari,60,12,3
463,MJ Owen,0,2,2
464,Harsh Dubey,200,11,3
465,W O'Rourke,64,0,1
466,Himmat Singh,0,74,2
467,MP Breetzke,0,12,0
468,Musheer Khan,12,3,0
469,BKG Mendis,0,11,1
470,Sediqullah Atal,0,16,0
471,JA Duffy,104,0,1
472,Abhinandan Singh,60,0,2
473,S Arora,0,81,3
474,DA Payne,31,5,0
475,FH Allen,0,149,0
476,AM Ghazanfar,194,0,0
477,B Muzarabani,44,0,0
478,Brijesh Sharma,227,4,1
479,Kartik Sharma,0,205,1
480,C Connolly,0,304,5
481,MD Choudhary,0,119,3
482,P Nissanka,0,180,2
483,Shivang Kumar,215,23,1
484,PR Veer,12,72,0
485,Auqib Nabi,72,4,1
486,Gurjapneet Singh,131,0,5
487,GF Linde,37,21,0
488,PP Hinge,142,9,2
489,LG Pretorius,0,8,0
490,Sakib Hussain,226,0,1
491,Mayank Rawat,0,0,0
492,Yash Raj Punja,123,0,0
493,DV Malewar,0,5,0
494,Krish Bhagat,36,21,1
495,D Madushanka,28,0,2
496,Ravi Singh,0,2,1
497,SU Parakh,0,16,1
498,RS Ghosh,18,0,1
499,Raghu Sharma,60,0,0
500,R Smaran,0,21,1
501,N Sindhu,0,30,3
502,Akshat Raghuwanshi,0,27,1
503,BJ Dwarshuis,26,0,1
504,SR Dubey,33,0,0
505,SS Mishra,30,0,0
506,SC Ganguly,280,1326,23
507,AA Noffke,25,12,0
508,JH Kallis,1799,2291,33
509,RT Ponting,0,129,4
510,SB Joshi,55,16,0
511,DJ Hussey,323,1101,29
512,CL White,46,774,26
513,Mohammad Hafeez,63,84,2
514,R Dravid,0,1918,26
515,W Jaffer,0,129,5
516,AB Agarkar,820,160,7
517,M Kartik,1182,109,19
518,MV Boucher,0,318,18
519,B Akhil,193,57,4
520,LR Shukla,326,358,21
521,B Lee,916,102,11
522,ML Hayden,0,839,14
523,S Sreesanth,947,57,3
524,KC Sangakkara,0,1424,58
525,MEK Hussey,0,1648,27
526,JR Hopes,369,314,5
527,K Goel,67,239,10
528,WA Mota,75,76,5
529,JDP Oram,244,110,8
530,S Badrinath,0,1245,21
531,M Muralitharan,1581,30,17
532,P Amarnath,132,0,2
533,Joginder Sharma,272,30,6
534,SM Katich,0,191,4
535,T Kohli,0,20,5
536,GD McGrath,329,5,2
537,B Geeves,49,0,3
538,M Manhas,42,486,22
539,M Kaif,0,258,17
540,MF Maharoof,441,124,5
541,DS Lehmann,0,19,0
542,M Rawat,0,70,21
543,DL Vettori,785,118,12
544,D Salunkhe,51,24,2
545,SK Warne,1223,219,13
546,SK Trivedi,1557,61,15
547,V Sehwag,138,1833,42
548,L Ronchi,0,37,4
549,ST Jayasuriya,301,573,6
550,DJ Thornely,44,54,2
551,PR Shah,0,97,14
552,AM Nayar,239,588,15
553,SM Pollock,280,116,2
554,S Chanderpaul,0,33,0
555,LRPL Taylor,13,847,19
556,AC Gilchrist,1,1555,75
557,Y Venugopal Rao,222,865,14
558,VVS Laxman,0,271,5
559,A Symonds,540,781,21
560,SB Styris,222,134,3
561,AS Yadav,0,40,2
562,SB Bangar,153,58,4
563,WPUJC Vaas,288,73,1
564,RP Singh,1874,78,34
565,PP Ojha,1945,45,14
566,DPMD Jayawardene,0,1522,39
567,Kamran Akmal,0,78,9
568,Pankaj Singh,311,12,2
569,S Sohal,0,311,2
570,Mohammad Asif,199,6,0
571,VY Mahesh,359,28,6
572,Shahid Afridi,185,46,4
573,VS Yeligati,32,2,0
574,MA Khote,30,22,0
575,GC Smith,0,691,7
576,D Kalyankrishna,50,8,1
577,RR Sarwan,0,78,1
578,VRV Singh,371,3,3
579,Sohail Tanvir,265,31,6
580,A Kumble,983,49,9
581,DNT Zoysa,69,9,0
582,SD Chitnis,38,92,2
583,Shoaib Malik,58,49,6
584,TM Srivastava,0,11,4
585,B Chipli,6,256,4
586,JA Morkel,1807,712,21
587,DB Das,0,267,9
588,CRD Fernando,249,3,2
589,HH Gibbs,0,837,27
590,Gagandeep Singh,84,0,0
591,SA Asnodkar,0,352,6
592,Umar Gul,153,19,1
593,Salman Butt,0,172,2
594,BJ Hodge,238,1153,25
595,SP Fleming,0,171,2
596,S Vidyut,13,115,1
597,M Ntini,213,19,3
598,LPC Silva,6,27,4
599,DB Ravi Teja,18,325,13
600,DP Vijaykumar,159,1,0
601,Misbah-ul-Haq,0,82,1
602,YV Takawale,0,183,21
603,RR Raje,144,18,4
604,U Kaul,0,1,3
605,DT Patil,0,13,2
606,S Anirudha,0,121,12
607,L Balaji,1574,50,12
608,CK Kapugedera,17,24,4
609,A Chopra,0,75,3
610,T Taibu,0,26,1
611,J Arunkumar,0,24,0
612,SR Tendulkar,37,2044,26
613,AD Mascarenhas,310,79,2
614,TM Dilshan,275,1047,24
615,NK Patel,0,124,6
616,LA Pomersbach,0,251,8
617,Shoaib Akhtar,46,8,0
618,Younis Khan,0,7,1
619,RR Powar,443,64,5
620,PM Sarvesh Kumar,31,2,0
621,Abdur Razzak,14,2,0
622,H Das,0,5,0
623,A Nel,18,0,0
624,A Mukund,0,23,4
625,BAW Mendis,248,6,1
626,T Thushara,144,19,3
627,A Flintoff,66,57,3
628,JD Ryder,241,466,10
629,KP Pietersen,180,758,14
630,Kamran Khan,177,5,5
631,T Henderson,36,16,0
632,RS Bopara,213,468,4
633,DP Nannes,689,13,8
634,AM Salvi,156,0,2
635,YA Abdulla,222,1,0
636,VS Malik,212,7,2
637,FH Edwards,150,5,0
638,Harmeet Singh,549,12,3
639,R Bishnoi,0,17,1
640,Yashpal Singh,0,67,3
641,PC Valthaty,153,432,3
642,RJ Quiney,0,105,2
643,AS Raut,30,172,11
644,RR Bose,12,0,0
645,KP Appanna,222,4,6
646,Shoaib Ahmed,103,6,4
647,AA Bilakhia,0,88,1
648,AN Ghosh,0,8,1
649,RE van der Merwe,455,144,8
650,MN van Wyk,0,135,7
651,TL Suman,152,587,15
652,S Tyagi,220,4,3
653,GR Napier,24,16,0
654,SM Harwood,67,14,2
655,LA Carseldine,7,71,4
656,D du Preez,43,13,0
657,RJ Harris,865,112,18
658,A Singh,486,10,1
659,M Morkel,1699,93,14
660,A Mithun,312,26,8
661,C Nanda,50,1,0
662,SS Sarkar,25,0,0
663,J Botha,709,364,19
664,Mashrafe Mortaza,28,2,1
665,Jaskaran Singh,111,11,0
666,GJ Bailey,0,552,17
667,AB McDonald,188,103,0
668,Y Nagar,72,271,11
669,CK Langeveldt,165,9,0
670,SS Shaikh,0,7,2
671,Mohammad Ashraful,0,12,2
672,RA Shaikh,6,0,0
673,Anirudh Singh,0,69,3
674,CA Pujara,0,403,6
675,OA Shah,0,405,8
676,SW Tait,534,26,6
677,A Uniyal,38,7,0
678,AA Jhunjhunwala,88,218,14
679,P Dogra,0,141,6
680,R Sathish,144,236,15
681,R McLaren,372,178,6
682,AG Murtaza,269,14,4
683,MS Bisla,0,737,30
684,RS Gavaskar,6,8,0
685,JM Kemp,47,25,1
686,S Ladda,141,10,3
687,FY Fazal,12,179,7
688,SE Bond,191,2,0
689,MJ Lumb,0,198,5
690,DR Martyn,0,26,0
691,S Narwal,113,29,2
692,SJ Srivastava,306,5,2
693,AB Barath,0,43,0
694,AC Voges,56,143,4
695,MD Mishra,0,213,1
696,R Sharma,935,77,10
697,J Theron,235,13,3
698,NLTC Perera,715,326,17
699,KB Arun Karthik,0,53,14
700,KAJ Roach,52,9,1
701,PD Collingwood,90,159,3
702,C Ganapathy,6,0,0
703,MB Parmar,19,0,0
704,SB Wagh,108,3,2
705,DE Bollinger,600,23,6
706,AP Dole,73,23,2
707,AN Ahmed,362,27,3
708,L Ablish,45,2,0
709,RS Sodhi,0,2,2
710,B Sumanth,0,38,4
711,S Sriram,18,38,0
712,C Madan,0,21,0
713,AG Paunikar,0,61,2
714,ND Doshi,57,13,0
715,S Randiv,180,4,3
716,AL Menaria,113,367,4
717,AUK Pathan,41,26,3
718,RV Gomez,97,53,4
719,UBT Chand,0,314,9
720,JEC Franklin,155,309,6
721,DJ Jacobs,0,101,5
722,AC Thomas,327,19,4
723,Sunny Singh,0,31,1
724,NJ Rimmington,18,1,0
725,RN ten Doeschate,83,238,9
726,BA Bhatt,303,7,0
727,JJ van der Wath,76,17,0
728,R Ninan,36,6,1
729,TD Paine,0,29,0
730,DH Yagnik,0,142,19
731,BJ Haddin,0,11,0
732,J Syed Mohammad,196,27,1
733,NL McCullum,30,23,1
734,JE Taylor,122,4,0
735,KMDN Kulasekara,107,3,3
736,TR Birt,0,59,0
737,M Klinger,0,78,0
738,P Parameswaran,159,3,0
739,AC Blizzard,0,91,4
740,I Malhotra,6,4,0
741,CJ Ferguson,0,119,2
742,AA Kazi,13,0,0
743,Anand Rajan,162,0,4
744,P Prasanth,6,0,0
745,Y Gnaneswara Rao,6,18,2
746,AA Chavan,255,11,3
747,S Rana,16,82,3
748,KH Devdhar,0,0,1
749,SS Mundhe,7,0,0
750,RW Price,18,0,0
751,RE Levi,0,74,2
752,M de Lange,116,2,0
753,KK Cooper,600,70,14
754,DAJ Bracewell,25,9,2
755,DJ Harris,18,103,5
756,TP Sudhindra,74,0,0
757,GB Hogg,466,22,5
758,RR Bhatkal,12,2,1
759,P Awana,774,14,5
760,V Pratap Singh,211,1,0
761,CJ McKay,42,15,0
762,T Mishra,0,0,1
763,A Ashish Reddy,270,196,10
764,N Saini,0,143,14
765,Azhar Mahmood,552,311,7
766,A Chandila,234,7,2
767,LJ Wright,75,63,4
768,RJ Peterson,48,32,1
769,R Shukla,130,23,6
770,BB Samantray,0,116,4
771,MJ Clarke,66,96,1
772,BW Hilfenhaus,390,0,1
773,AP Majumdar,0,77,0
774,PA Reddy,0,167,3
775,K Upadhyay,56,9,1
776,Sunny Gupta,19,1,0
777,MC Juneja,0,134,0
778,MDKJ Perera,0,13,0
779,BMAJ Mendis,30,27,3
780,Harmeet Singh,25,0,0
781,R Rampaul,278,52,4
782,SMSM Senanayake,195,17,2
783,BJ Rohrer,7,146,5
784,IC Pandey,469,2,6
785,CM Gautam,0,158,7
786,X Thalaivan Sargunam,0,17,0
787,DJG Sammy,244,251,9
788,P Suyal,107,0,1
789,UA Birla,0,15,1
790,PV Tambe,674,39,1
791,Parvez Rasool,200,20,3
792,MG Neser,25,0,0
793,NJ Maddinson,0,21,1
794,AV Wankhade,0,0,1
795,BR Dunk,0,36,4
796,Shivam Sharma,114,3,1
797,VH Zol,0,26,0
798,K Santokie,51,0,1
799,BE Hendricks,157,3,3
800,JW Hastings,61,0,0
801,Karanveer Singh,213,17,2
802,DJ Muthuswami,84,3,0
803,RG More,37,2,1
804,B Aparajith,0,0,1
805,GS Sandhu,48,0,0
806,P Sahu,107,13,0
807,KJ Abbott,102,8,0
808,PSP Handscomb,0,12,0
809,SM Boland,43,0,0
810,UT Khawaja,0,105,1
811,F Behardien,0,13,1
812,ER Dwivedi,0,15,2
